{"mean":{"confidence_interval":{"confidence_level":0.95,"lower_bound":-0.07764672039761976,"upper_bound":-0.06312255723879771},"point_estimate":-0.07031147038139363,"standard_error":0.003670679914801073},"median":{"confidence_interval":{"confidence_level":0.95,"lower_bound":-0.0834287639938176,"upper_bound":-0.07145127905802462},"point_estimate":-0.07558362870127922,"standard_error":0.0030898486241234665}}