{"mean":{"confidence_interval":{"confidence_level":0.95,"lower_bound":-0.01680344816559091,"upper_bound":0.004303532931279599},"point_estimate":-0.005797296787234285,"standard_error":0.005408924475409313},"median":{"confidence_interval":{"confidence_level":0.95,"lower_bound":-0.029626660563720764,"upper_bound":0.0016327875507871886},"point_estimate":-0.019354012746232274,"standard_error":0.00798994357197723}}