{"mean":{"confidence_interval":{"confidence_level":0.95,"lower_bound":-0.2783190711137398,"upper_bound":-0.24645221868230943},"point_estimate":-0.2623929745291993,"standard_error":0.008101036090079335},"median":{"confidence_interval":{"confidence_level":0.95,"lower_bound":-0.2843718832172951,"upper_bound":-0.2555924329284784},"point_estimate":-0.2684429227300612,"standard_error":0.007114954724497081}}