{"mean":{"confidence_interval":{"confidence_level":0.95,"lower_bound":0.02423024737783815,"upper_bound":0.050774400183499525},"point_estimate":0.037928164224638294,"standard_error":0.006862624734386269},"median":{"confidence_interval":{"confidence_level":0.95,"lower_bound":0.02569991724579767,"upper_bound":0.058926435897519266},"point_estimate":0.04445026714798184,"standard_error":0.009391135385729877}}