{"mean":{"confidence_interval":{"confidence_level":0.95,"lower_bound":-0.06368518371328827,"upper_bound":-0.04301460870210261},"point_estimate":-0.053140545057750566,"standard_error":0.005276916839087231},"median":{"confidence_interval":{"confidence_level":0.95,"lower_bound":-0.05992049705210895,"upper_bound":-0.04034420493427171},"point_estimate":-0.052634849186933064,"standard_error":0.005221922155427519}}