{"mean":{"confidence_interval":{"confidence_level":0.95,"lower_bound":-0.13022583275559554,"upper_bound":-0.07551237482373208},"point_estimate":-0.10334324169449915,"standard_error":0.0141884279076056},"median":{"confidence_interval":{"confidence_level":0.95,"lower_bound":-0.1713787426426266,"upper_bound":-0.14769340331524572},"point_estimate":-0.1607981621325082,"standard_error":0.0064355860002792645}}