{"mean":{"confidence_interval":{"confidence_level":0.95,"lower_bound":-0.13289576697762515,"upper_bound":-0.09929485877162929},"point_estimate":-0.11606676036143226,"standard_error":0.008603118890486752},"median":{"confidence_interval":{"confidence_level":0.95,"lower_bound":-0.14316013554512275,"upper_bound":-0.1066352292549213},"point_estimate":-0.1285527415685721,"standard_error":0.009160023450023516}}