{"mean":{"confidence_interval":{"confidence_level":0.95,"lower_bound":246779.64082130243,"upper_bound":254507.5632628803},"point_estimate":250589.38773318942,"standard_error":1970.6701301342189},"median":{"confidence_interval":{"confidence_level":0.95,"lower_bound":240431.9279677673,"upper_bound":249772.1875},"point_estimate":243284.76718639262,"standard_error":2129.086837257541},"median_abs_dev":{"confidence_interval":{"confidence_level":0.95,"lower_bound":11442.058907407805,"upper_bound":22607.129546394663},"point_estimate":16056.708758205661,"standard_error":2746.0032866623387},"slope":{"confidence_interval":{"confidence_level":0.95,"lower_bound":251072.1672722043,"upper_bound":260987.29106476964},"point_estimate":255890.585990099,"standard_error":2519.551844674947},"std_dev":{"confidence_interval":{"confidence_level":0.95,"lower_bound":17189.342470197924,"upper_bound":22040.628093456588},"point_estimate":19821.507361823526,"standard_error":1235.245994700221}}