{"mean":{"confidence_interval":{"confidence_level":0.95,"lower_bound":-0.06772120945841317,"upper_bound":-0.03097045307895669},"point_estimate":-0.0487046791640704,"standard_error":0.0093638403156641},"median":{"confidence_interval":{"confidence_level":0.95,"lower_bound":-0.07042818325424971,"upper_bound":-0.036046491205545726},"point_estimate":-0.0594028539047613,"standard_error":0.007663105731999391}}