{"mean":{"confidence_interval":{"confidence_level":0.95,"lower_bound":12395139.06,"upper_bound":12552304.055},"point_estimate":12471181.175,"standard_error":40151.142334739},"median":{"confidence_interval":{"confidence_level":0.95,"lower_bound":12299154.375,"upper_bound":12415466.0},"point_estimate":12373508.875,"standard_error":30110.055337372414},"median_abs_dev":{"confidence_interval":{"confidence_level":0.95,"lower_bound":174897.68576994538,"upper_bound":326611.21445149183},"point_estimate":240655.99837750196,"standard_error":37897.10045687539},"slope":null,"std_dev":{"confidence_interval":{"confidence_level":0.95,"lower_bound":312311.7405867213,"upper_bound":473543.866279081},"point_estimate":400496.6109902696,"standard_error":41303.07335468719}}