{"mean":{"confidence_interval":{"confidence_level":0.95,"lower_bound":-0.1747437480851664,"upper_bound":-0.12848190594409153},"point_estimate":-0.15263990440286668,"standard_error":0.011765124603997089},"median":{"confidence_interval":{"confidence_level":0.95,"lower_bound":-0.19538950529519916,"upper_bound":-0.11480621195465657},"point_estimate":-0.14641409028547991,"standard_error":0.022736971498385283}}