{"mean":{"confidence_interval":{"confidence_level":0.95,"lower_bound":2061142.618456522,"upper_bound":2122707.0438913037},"point_estimate":2091727.7765217393,"standard_error":15726.245485482032},"median":{"confidence_interval":{"confidence_level":0.95,"lower_bound":2058489.347826087,"upper_bound":2138152.304347826},"point_estimate":2093787.652173913,"standard_error":20437.614153797822},"median_abs_dev":{"confidence_interval":{"confidence_level":0.95,"lower_bound":146353.92171909017,"upper_bound":232067.19439835325},"point_estimate":206525.08049866423,"standard_error":22031.205141995393},"slope":null,"std_dev":{"confidence_interval":{"confidence_level":0.95,"lower_bound":138176.96567665308,"upper_bound":175996.06064476384},"point_estimate":157779.59324558437,"standard_error":9667.348236153925}}