{"mean":{"confidence_interval":{"confidence_level":0.95,"lower_bound":-0.13054288162485989,"upper_bound":-0.0666564733946076},"point_estimate":-0.09724849346600684,"standard_error":0.015831928152770777},"median":{"confidence_interval":{"confidence_level":0.95,"lower_bound":-0.11010208359345541,"upper_bound":-0.06861732049020385},"point_estimate":-0.09082722764575912,"standard_error":0.010195103048789646}}