{"mean":{"confidence_interval":{"confidence_level":0.95,"lower_bound":3876109.150846156,"upper_bound":3982626.238846153},"point_estimate":3927208.887692308,"standard_error":27179.203343133177},"median":{"confidence_interval":{"confidence_level":0.95,"lower_bound":3804684.230769231,"upper_bound":3877386.5},"point_estimate":3838367.653846154,"standard_error":16948.682274123257},"median_abs_dev":{"confidence_interval":{"confidence_level":0.95,"lower_bound":146933.0703914169,"upper_bound":241331.46522320213},"point_estimate":194545.0008307513,"standard_error":24226.317303165364},"slope":null,"std_dev":{"confidence_interval":{"confidence_level":0.95,"lower_bound":211593.73618679418,"upper_bound":329109.1969760228},"point_estimate":272995.9964227996,"standard_error":30036.093038446317}}