{"mean":{"confidence_interval":{"confidence_level":0.95,"lower_bound":-0.05236299074780786,"upper_bound":-0.0016987769015428989},"point_estimate":-0.02780437695330329,"standard_error":0.012698733447590307},"median":{"confidence_interval":{"confidence_level":0.95,"lower_bound":-0.10109600351505887,"upper_bound":-0.04397738037003596},"point_estimate":-0.08946165663753913,"standard_error":0.013414454792969679}}