{"mean":{"confidence_interval":{"confidence_level":0.95,"lower_bound":0.05112702226871278,"upper_bound":0.10233540903324266},"point_estimate":0.0754365131357353,"standard_error":0.013201818980623625},"median":{"confidence_interval":{"confidence_level":0.95,"lower_bound":-0.009418187906706454,"upper_bound":0.047008503027486936},"point_estimate":0.0030960640812676132,"standard_error":0.012444171692258279}}