{"mean":{"confidence_interval":{"confidence_level":0.95,"lower_bound":9121669.338964282,"upper_bound":9759037.793178571},"point_estimate":9432763.49,"standard_error":162866.17326548314},"median":{"confidence_interval":{"confidence_level":0.95,"lower_bound":9340234.785714287,"upper_bound":9442667.92857143},"point_estimate":9405333.142857142,"standard_error":24382.6154095186},"median_abs_dev":{"confidence_interval":{"confidence_level":0.95,"lower_bound":256840.95984016027,"upper_bound":1831741.8892800808},"point_estimate":731759.7737086675,"standard_error":460170.85025434836},"slope":null,"std_dev":{"confidence_interval":{"confidence_level":0.95,"lower_bound":1359450.1998932448,"upper_bound":1858229.9688833377},"point_estimate":1631636.2379377536,"standard_error":127173.20423273547}}