{"mean":{"confidence_interval":{"confidence_level":0.95,"lower_bound":-0.24865221799900167,"upper_bound":-0.22010245252636793},"point_estimate":-0.23490228350496511,"standard_error":0.007286838403553701},"median":{"confidence_interval":{"confidence_level":0.95,"lower_bound":-0.265975576745338,"upper_bound":-0.23324410840982412},"point_estimate":-0.2524286533501473,"standard_error":0.008545835653048992}}