{"mean":{"confidence_interval":{"confidence_level":0.95,"lower_bound":-0.013994176159482499,"upper_bound":0.005626397920057523},"point_estimate":-0.004355763795567902,"standard_error":0.005001953420827476},"median":{"confidence_interval":{"confidence_level":0.95,"lower_bound":-0.0055033395608523605,"upper_bound":0.004969995412808403},"point_estimate":-0.001832600730247158,"standard_error":0.002781580741307509}}